question,ground_truth,'question (zh-CN),multi_context answer,multi context source docs,multi_context relevant chunks,multi_context answer (english translated),multi_context answer (zh-CN),multi_context source docs (zh-CN),multi_context relevant chunks (zh-CN)
What should I do if I have been involved in a scam?,You may visit this link for assistance if you believe you may have been involved in a scam: https://www.mom.gov.sg/passes-and-permits/work-permit-for-foreign-domestic-worker/publications-and-resources/staying-safe-from-scams,如果我遭遇了诈骗，我该怎么办？,"If you have been involved in a scam, it is important to take immediate action to protect yourself. Here are the steps you can take:

1. Stop all communication: Cut off contact with the scammer and do not engage with them any further.

2. Report the scam: Inform the relevant authorities such as the police or the Anti-Scam Helpline at 1800-722-6688. Provide them with all the necessary details and evidence of the scam.

3. Seek support: Reach out to your employer, employment agency, or the Ministry of Manpower (MOM) for assistance and guidance. They can provide you with the necessary support and help you navigate through the situation.

4. Protect your personal information: Change your passwords for all your online accounts and enable two-factor authentication if possible. Be cautious about sharing personal or financial information with unknown sources.

5. Stay informed: Visit Scamalert.sg to learn more about different types of scams and how to prevent them. You can also watch real stories of migrant domestic workers who have experienced scams and sought help.

Remember, being a victim of a scam can be distressing, but taking prompt action and seeking support can help you resolve the situation. Stay safe and vigilant. Thanks for asking!","[Document(page_content='If you can still access your online account,\nchange your password and enable two or\nmulti-factor authentication.\nStay alert for repeated scam attempts,\nincluding those impersonating the Police\nor other government authorities.\nBeing a victim of scam can be distressing.', metadata={'page': 1, 'source': 'resourceguidepamphleteng', 'start_index': 190}), Document(page_content=""To ﬁnd out more about other types of scams, such as loan and e-commerce scams, \nvisit Scamalert.sg . \nReal stories \nFeeling lost after falling victim to scams? You're not alone. Watch these real stories of \nMDWs as they share their experiences and how they sought help."", metadata={'page': 1, 'source': 'https://www.mom.gov.sg/passes-and-permits/work-permit-for-foreign-domestic-worker/publications-and-resources/staying-safe-from-scams', 'start_index': 0}), Document(page_content='question ground_truth\nWhat should I do if I have been \ninvolved in a scam?You may visit this link for assistance \nif you believe you may have been \ninvolved in a scam: \nhttps://www.mom.gov.sg/passes-\nand-permits/work-permit-for-foreign-\ndomestic-worker/publications-and-', metadata={'page': 0, 'source': 'https://www.3mk.sg/blogs/three-musketeers-liquor-blog/drinking-laws-in-singapore-2023', 'start_index': 0}), Document(page_content='Act against scams \nA scam is designed to trick you into giving away your money or personal details by \noƯering an attractive deal or false information.  \nProtect yourself from scams using A.C.T.: \n\uf0b7 Add security features such as downloading the ScamShield', metadata={'page': 0, 'source': 'https://www.mom.gov.sg/passes-and-permits/work-permit-for-foreign-domestic-worker/publications-and-resources/staying-safe-from-scams', 'start_index': 260})]","{'question ground_truth\nWhat should I do if I have been \ninvolved in a scam?You may visit this link for assistance \nif you believe you may have been \ninvolved in a scam: \nhttps://www.mom.gov.sg/passes-\nand-permits/work-permit-for-foreign-\ndomestic-worker/publications-and-', ""To ﬁnd out more about other types of scams, such as loan and e-commerce scams, \nvisit Scamalert.sg . \nReal stories \nFeeling lost after falling victim to scams? You're not alone. Watch these real stories of \nMDWs as they share their experiences and how they sought help."", 'If you can still access your online account,\nchange your password and enable two or\nmulti-factor authentication.\nStay alert for repeated scam attempts,\nincluding those impersonating the Police\nor other government authorities.\nBeing a victim of scam can be distressing.', 'Act against scams \nA scam is designed to trick you into giving away your money or personal details by \noƯering an attractive deal or false information.  \nProtect yourself from scams using A.C.T.: \n\uf0b7 Add security features such as downloading the ScamShield'}","If you are a victim of fraud, it is important to take immediate action. Here are the steps you should follow:

1. Report the scam: File a police report either online or in person. If you require urgent assistance, you can call '999' to reach the police.

2. Seek support: Reach out to your family and friends for emotional support during this distressing time.

3. Share information: Share any scam-related information you have with the authorities. This can help in their investigations and prevent others from falling victim to the same scam.

4. Change passwords and enable two-factor authentication: If you can still access your online accounts, change your passwords and enable two-factor authentication for added security.

Remember, it is crucial to avoid sharing personal or financial information with unknown sources to prevent scams. Stay alert for repeated scam attempts, including those impersonating the police or other government authorities. Thanks for asking!","如果您是诈骗的受害者，立即采取行动很重要。以下是您应该遵循的步骤：

1. 举报诈骗：在线或亲自向警方报案。如果您需要紧急援助，可以拨打“999”联系警方。2. 寻求支持：在这个令人痛苦的时期，向家人和朋友寻求情感支持。3. 分享信息：与当局分享您掌握的任何与诈骗相关的信息。这可以帮助他们进行调查，并防止其他人成为同一骗局的受害者。4. 更改密码并启用双因素身份验证：如果您仍然可以访问您的在线帐户，请更改密码并启用双因素身份验证以增加安全性。请记住，避免与未知来源共享个人或财务信息以防止诈骗至关重要。对反复出现的诈骗企图保持警惕，包括冒充警察或其他政府当局的诈骗企图。感谢您的询问！","[Document(page_content='If you can still access your online account,\nchange your password and enable two or\nmulti-factor authentication.\nStay alert for repeated scam attempts,\nincluding those impersonating the Police\nor other government authorities.\nBeing a victim of scam can be distressing.', metadata={'page': 1, 'source': 'resourceguidepamphleteng', 'start_index': 190}), Document(page_content=""or other government authorities.\nBeing a victim of scam can be distressing.\nSeek support from family and friends.WHAT SHOULD I DO IF I FALL PREY TO SCAMS?\nFile a police report online or in person;\ncall '999' if you require Police’s urgent\nassistance.\nShare scam-related information with the"", metadata={'page': 1, 'source': 'resourceguidepamphleteng', 'start_index': 383}), Document(page_content='factors and differs across the various types of scams.\nFor exampl e, whether there are multiple claimants and whether the monies are still relevant\nfor the purposes of investigation or court trial or other court proceedings.I was a victim of an online scam and was cheated of my money.', metadata={'page': 3, 'source': 'resourceguidepamphleteng', 'start_index': 923}), Document(page_content='question ground_truth\nWhat should I do if I have been \ninvolved in a scam?You may visit this link for assistance \nif you believe you may have been \ninvolved in a scam: \nhttps://www.mom.gov.sg/passes-\nand-permits/work-permit-for-foreign-\ndomestic-worker/publications-and-', metadata={'page': 0, 'source': 'https://www.3mk.sg/blogs/three-musketeers-liquor-blog/drinking-laws-in-singapore-2023', 'start_index': 0})]","{'question ground_truth\nWhat should I do if I have been \ninvolved in a scam?You may visit this link for assistance \nif you believe you may have been \ninvolved in a scam: \nhttps://www.mom.gov.sg/passes-\nand-permits/work-permit-for-foreign-\ndomestic-worker/publications-and-', 'factors and differs across the various types of scams.\nFor exampl e, whether there are multiple claimants and whether the monies are still relevant\nfor the purposes of investigation or court trial or other court proceedings.I was a victim of an online scam and was cheated of my money.', ""or other government authorities.\nBeing a victim of scam can be distressing.\nSeek support from family and friends.WHAT SHOULD I DO IF I FALL PREY TO SCAMS?\nFile a police report online or in person;\ncall '999' if you require Police’s urgent\nassistance.\nShare scam-related information with the"", 'If you can still access your online account,\nchange your password and enable two or\nmulti-factor authentication.\nStay alert for repeated scam attempts,\nincluding those impersonating the Police\nor other government authorities.\nBeing a victim of scam can be distressing.'}"
What are the penalties if I have borrowed money from unlicensed moneylenders?,"If you have been found to have borrowed money from unlicensed moneylenders, your work permit could be revoked and therefore you will be unable to work in Singapore. The following links contain other relevant legal information regarding the penalties for borrowing money from unlicensed moneylenders: 
https://www.mom.gov.sg/-/media/mom/documents/publications/infocus-monthly-edm/edm-11-police-advisory-on-unlicensed-moneylending-borrowers.pdf 

https://www.mom.gov.sg/-/media/mom/documents/publications/infocus-monthly-edm/edm-20-3-things-to-tell-your-fdw-about-borrowing-singapore.pdf",如果我从无牌放债人借钱会受到什么处罚？,"If you have borrowed money from unlicensed moneylenders in Singapore, the penalties can be severe. For assisting in the business of unlicensed moneylenders, you may face a fine between $30,000 and $300,000, imprisonment of up to 4 years, and caning of up to 6 strokes. Additionally, if you are found to have borrowed from unlicensed moneylenders, MOM (Ministry of Manpower) will inform your employer and your work permit may be revoked, which means you will be unable to work in Singapore. It is important to avoid borrowing from unlicensed moneylenders to protect yourself from these consequences. Thanks for asking!","[Document(page_content='the penalties for borrowing money \nfrom unlicensed moneylenders: \nhttps://www.mom.gov.sg/-\n/media/mom/documents/publicatio\nns/infocus-monthly-edm/edm-11-\npolice-advisory-on-unlicensed-\nmoneylending-borrowers.pdf \nhttps://www.mom.gov.sg/-\n/media/mom/documents/publicatio', metadata={'page': 0, 'source': 'https://www.3mk.sg/blogs/three-musketeers-liquor-blog/drinking-laws-in-singapore-2023', 'start_index': 627}), Document(page_content='Penalties\nFor assisting in the business of unlicensed moneylenders:\n• Fine between $30,000 and $300,000. \n• Imprisonment of up to 4 years.\n• Caning of up to 6 strokes.\nIf you are found to have borrowed from unlicensed moneylenders, MOM will inform', metadata={'page': 16, 'source': 'mw-handy-guide-english', 'start_index': 391}), Document(page_content='borrowed money from unlicensed \nmoneylenders, your work permit \ncould be revoked and therefore you \nwill be unable to work in Singapore. \nThe following links contain other \nrelevant legal information regarding \nthe penalties for borrowing money \nfrom unlicensed moneylenders:', metadata={'page': 0, 'source': 'https://www.3mk.sg/blogs/three-musketeers-liquor-blog/drinking-laws-in-singapore-2023', 'start_index': 416}), Document(page_content='If you are found to have borrowed from unlicensed moneylenders, MOM will inform \nyour employer and your work permit will be revoked. You will be sent back home and \nnot be allowed to work in Singapore again.\nLicensed Moneylenders', metadata={'page': 16, 'source': 'mw-handy-guide-english', 'start_index': 559})]","{'the penalties for borrowing money \nfrom unlicensed moneylenders: \nhttps://www.mom.gov.sg/-\n/media/mom/documents/publicatio\nns/infocus-monthly-edm/edm-11-\npolice-advisory-on-unlicensed-\nmoneylending-borrowers.pdf \nhttps://www.mom.gov.sg/-\n/media/mom/documents/publicatio', 'borrowed money from unlicensed \nmoneylenders, your work permit \ncould be revoked and therefore you \nwill be unable to work in Singapore. \nThe following links contain other \nrelevant legal information regarding \nthe penalties for borrowing money \nfrom unlicensed moneylenders:', 'If you are found to have borrowed from unlicensed moneylenders, MOM will inform \nyour employer and your work permit will be revoked. You will be sent back home and \nnot be allowed to work in Singapore again.\nLicensed Moneylenders', 'Penalties\nFor assisting in the business of unlicensed moneylenders:\n• Fine between $30,000 and $300,000. \n• Imprisonment of up to 4 years.\n• Caning of up to 6 strokes.\nIf you are found to have borrowed from unlicensed moneylenders, MOM will inform'}","If you borrow money from an unlicensed moneylender in Singapore, there are serious penalties that you may face. Your work permit could be revoked, which means you will be unable to work in Singapore. Additionally, if you are found to have borrowed from unlicensed moneylenders, you could face a fine between $30,000 and $300,000, imprisonment of up to 4 years, and caning of up to 6 strokes. It is important to avoid borrowing money from unlicensed moneylenders to protect your legal status and well-being. Thanks for Asking!","如果您从新加坡无牌放贷人那里借钱，您可能会面临严重的处罚。您的工作许可证可能会被吊销，这意味着您将无法在新加坡工作。此外，如果发现您从无牌放贷人那里借钱，您可能会面临 30,000 至 300,000 美元的罚款、最高 4 年的监禁和最高 6 下鞭刑。避免从无牌放贷人那里借钱很重要，以保护您的法律地位和福祉。感谢您的询问！","[Document(page_content='the penalties for borrowing money \nfrom unlicensed moneylenders: \nhttps://www.mom.gov.sg/-\n/media/mom/documents/publicatio\nns/infocus-monthly-edm/edm-11-\npolice-advisory-on-unlicensed-\nmoneylending-borrowers.pdf \nhttps://www.mom.gov.sg/-\n/media/mom/documents/publicatio', metadata={'page': 0, 'source': 'https://www.3mk.sg/blogs/three-musketeers-liquor-blog/drinking-laws-in-singapore-2023', 'start_index': 627}), Document(page_content='borrowed money from unlicensed \nmoneylenders, your work permit \ncould be revoked and therefore you \nwill be unable to work in Singapore. \nThe following links contain other \nrelevant legal information regarding \nthe penalties for borrowing money \nfrom unlicensed moneylenders:', metadata={'page': 0, 'source': 'https://www.3mk.sg/blogs/three-musketeers-liquor-blog/drinking-laws-in-singapore-2023', 'start_index': 416}), Document(page_content='Penalties\nFor assisting in the business of unlicensed moneylenders:\n• Fine between $30,000 and $300,000. \n• Imprisonment of up to 4 years.\n• Caning of up to 6 strokes.\nIf you are found to have borrowed from unlicensed moneylenders, MOM will inform', metadata={'page': 16, 'source': 'mw-handy-guide-english', 'start_index': 391}), Document(page_content='and-permits/work-permit-for-foreign-\ndomestic-worker/publications-and-\nresources/staying-safe-from-scams\nWhat are the penalties if I have \nborrowed money from unlicensed \nmoneylenders?If you have been found to have \nborrowed money from unlicensed \nmoneylenders, your work permit', metadata={'page': 0, 'source': 'https://www.3mk.sg/blogs/three-musketeers-liquor-blog/drinking-laws-in-singapore-2023', 'start_index': 200})]","{'the penalties for borrowing money \nfrom unlicensed moneylenders: \nhttps://www.mom.gov.sg/-\n/media/mom/documents/publicatio\nns/infocus-monthly-edm/edm-11-\npolice-advisory-on-unlicensed-\nmoneylending-borrowers.pdf \nhttps://www.mom.gov.sg/-\n/media/mom/documents/publicatio', 'borrowed money from unlicensed \nmoneylenders, your work permit \ncould be revoked and therefore you \nwill be unable to work in Singapore. \nThe following links contain other \nrelevant legal information regarding \nthe penalties for borrowing money \nfrom unlicensed moneylenders:', 'and-permits/work-permit-for-foreign-\ndomestic-worker/publications-and-\nresources/staying-safe-from-scams\nWhat are the penalties if I have \nborrowed money from unlicensed \nmoneylenders?If you have been found to have \nborrowed money from unlicensed \nmoneylenders, your work permit', 'Penalties\nFor assisting in the business of unlicensed moneylenders:\n• Fine between $30,000 and $300,000. \n• Imprisonment of up to 4 years.\n• Caning of up to 6 strokes.\nIf you are found to have borrowed from unlicensed moneylenders, MOM will inform'}"
What should I do if I receive a call or text message from an unfamiliar phone number who says they are from government agencies such as MOM or the police?,"Should you receive such a call, it is likely to be a phishing scam whereby someone pretends to be someone they are not in order to access sensitive information such as your bank account details. Do not click on links in unsolicited text messages and emails. If you need to access your bank account, use the official app or type in your bank's web address into your web browser to ensure that you are navigating to the official website. You may visit the following link for more information on how to protect yourself in these situations: https://www.mom.gov.sg/passes-and-permits/work-permit-for-foreign-domestic-worker/publications-and-resources/staying-safe-from-scams",如果我接到陌生号码打来的电话或发来的短信，并声称自己来自人力部或警察局等政府机构，我该怎么办？,"If you receive a call or text message from an unfamiliar phone number claiming to be from government agencies like MOM or the police, it is likely a phishing scam. Do not provide any personal or financial information. Instead, you should report the incident by calling the ScamShield Helpline at 1799 or visiting the ScamShield website (go.gov.sg/scamshield-web) to learn about the latest scams. Stay cautious and avoid sharing personal information with unknown sources. Thanks for asking!","[Document(page_content='What should I do if I receive a call or \ntext message from an unfamiliar \nphone number who says they are \nfrom government agencies such as \nMOM or the police?Should you receive such a call, it is \nlikely to be a phishing scam whereby \nsomeone pretends to be someone \nthey are not in order to access', metadata={'page': 1, 'source': 'https://www.3mk.sg/blogs/three-musketeers-liquor-blog/drinking-laws-in-singapore-2023', 'start_index': 0}), Document(page_content='by calling the ScamShield Helpline @ 1799 or with someone you trust when\nyou are unsure if a situation you are facing is a scam\nthat SMSes you receive from government agencies are from gov.sg Sender\nID\nthe ScamShield website (go.gov.sg/scamshield-web) to learn about the\nlatest scams', metadata={'page': 5, 'source': 'resourceguidepamphleteng', 'start_index': 0}), Document(page_content='If you can still access your online account,\nchange your password and enable two or\nmulti-factor authentication.\nStay alert for repeated scam attempts,\nincluding those impersonating the Police\nor other government authorities.\nBeing a victim of scam can be distressing.', metadata={'page': 1, 'source': 'resourceguidepamphleteng', 'start_index': 190}), Document(page_content='Inform the police at 1800-255-0000  if you see any person who shows support for, or \nparticipates in terrorism-related activities. \nStay vigilant of suspicious behaviours, and unattended or abandoned items that seem \nout of place at your dormitories and workplaces.', metadata={'page': 14, 'source': 'mw-handy-guide-english', 'start_index': 801})]","{'What should I do if I receive a call or \ntext message from an unfamiliar \nphone number who says they are \nfrom government agencies such as \nMOM or the police?Should you receive such a call, it is \nlikely to be a phishing scam whereby \nsomeone pretends to be someone \nthey are not in order to access', 'by calling the ScamShield Helpline @ 1799 or with someone you trust when\nyou are unsure if a situation you are facing is a scam\nthat SMSes you receive from government agencies are from gov.sg Sender\nID\nthe ScamShield website (go.gov.sg/scamshield-web) to learn about the\nlatest scams', 'If you can still access your online account,\nchange your password and enable two or\nmulti-factor authentication.\nStay alert for repeated scam attempts,\nincluding those impersonating the Police\nor other government authorities.\nBeing a victim of scam can be distressing.', 'Inform the police at 1800-255-0000  if you see any person who shows support for, or \nparticipates in terrorism-related activities. \nStay vigilant of suspicious behaviours, and unattended or abandoned items that seem \nout of place at your dormitories and workplaces.'}","If you receive a call or text message from an unknown number claiming to be from a government agency such as the Ministry of Manpower or the police, it is likely to be a phishing scam. Do not provide any personal or financial information. Instead, you should report the incident by calling the ScamShield Helpline at 1799 or visiting the ScamShield website at go.gov.sg/scamshield-web to learn about the latest scams. It is also advisable to inform someone you trust when you are unsure if a situation you are facing is a scam. Stay safe and stay vigilant! Thanks for asking!",如果您接到来自未知号码的电话或短信，声称来自人力部或警察局等政府机构，则很可能是网络钓鱼诈骗。请勿提供任何个人或财务信息。相反，您应该拨打 ScamShield 帮助热线 1799 或访问 ScamShield 网站 go.gov.sg/scamshield-web 来报告此事件，以了解最新的诈骗信息。当您不确定自己面临的情况是否是诈骗时，最好通知您信任的人。保持安全并保持警惕！感谢您的询问！,"[Document(page_content='What should I do if I receive a call or \ntext message from an unfamiliar \nphone number who says they are \nfrom government agencies such as \nMOM or the police?Should you receive such a call, it is \nlikely to be a phishing scam whereby \nsomeone pretends to be someone \nthey are not in order to access', metadata={'page': 1, 'source': 'https://www.3mk.sg/blogs/three-musketeers-liquor-blog/drinking-laws-in-singapore-2023', 'start_index': 0}), Document(page_content='by calling the ScamShield Helpline @ 1799 or with someone you trust when\nyou are unsure if a situation you are facing is a scam\nthat SMSes you receive from government agencies are from gov.sg Sender\nID\nthe ScamShield website (go.gov.sg/scamshield-web) to learn about the\nlatest scams', metadata={'page': 5, 'source': 'resourceguidepamphleteng', 'start_index': 0}), Document(page_content='If you can still access your online account,\nchange your password and enable two or\nmulti-factor authentication.\nStay alert for repeated scam attempts,\nincluding those impersonating the Police\nor other government authorities.\nBeing a victim of scam can be distressing.', metadata={'page': 1, 'source': 'resourceguidepamphleteng', 'start_index': 190}), Document(page_content='Inform the police at 1800-255-0000  if you see any person who shows support for, or \nparticipates in terrorism-related activities. \nStay vigilant of suspicious behaviours, and unattended or abandoned items that seem \nout of place at your dormitories and workplaces.', metadata={'page': 14, 'source': 'mw-handy-guide-english', 'start_index': 801})]","{'What should I do if I receive a call or \ntext message from an unfamiliar \nphone number who says they are \nfrom government agencies such as \nMOM or the police?Should you receive such a call, it is \nlikely to be a phishing scam whereby \nsomeone pretends to be someone \nthey are not in order to access', 'by calling the ScamShield Helpline @ 1799 or with someone you trust when\nyou are unsure if a situation you are facing is a scam\nthat SMSes you receive from government agencies are from gov.sg Sender\nID\nthe ScamShield website (go.gov.sg/scamshield-web) to learn about the\nlatest scams', 'If you can still access your online account,\nchange your password and enable two or\nmulti-factor authentication.\nStay alert for repeated scam attempts,\nincluding those impersonating the Police\nor other government authorities.\nBeing a victim of scam can be distressing.', 'Inform the police at 1800-255-0000  if you see any person who shows support for, or \nparticipates in terrorism-related activities. \nStay vigilant of suspicious behaviours, and unattended or abandoned items that seem \nout of place at your dormitories and workplaces.'}"
How can I keep updated with the latest rules and regulations in Singapore?,You may visit official websites such as www.gov.sg and www.mom.gov.sg for the latest updates to the rules and regulations in Singapore. Alternatively you may access the myMOM portal for regular updates as well.,我如何才能了解新加坡最新的规章制度？,"You can keep updated with the latest rules and regulations in Singapore by visiting official websites such as www.gov.sg and www.mom.gov.sg. These websites provide regular updates on the laws and regulations in Singapore. Additionally, you can also access the myMOM portal for the latest updates. Thanks for asking!","[Document(page_content='latest rules and regulations in \nSingapore?You may visit official websites such \nas www.gov.sg and \nwww.mom.gov.sg for the latest \nupdates to the rules and regulations \nin Singapore. Alternatively you may \naccess the myMOM portal for regular \nupdates as well.\nWhere can I go for help if I have', metadata={'page': 1, 'source': 'https://www.3mk.sg/blogs/three-musketeers-liquor-blog/drinking-laws-in-singapore-2023', 'start_index': 881}), Document(page_content='how to protect yourself in these \nsituations: \nhttps://www.mom.gov.sg/passes-\nand-permits/work-permit-for-foreign-\ndomestic-worker/publications-and-\nresources/staying-safe-from-scams\nHow can I keep updated with the \nlatest rules and regulations in \nSingapore?You may visit official websites such', metadata={'page': 1, 'source': 'https://www.3mk.sg/blogs/three-musketeers-liquor-blog/drinking-laws-in-singapore-2023', 'start_index': 665}), Document(page_content='about other countries. You may ask \nquestions related to Singapore, we \nwill be happy to help!', metadata={'page': 1, 'source': 'https://www.3mk.sg/blogs/three-musketeers-liquor-blog/drinking-laws-in-singapore-2023', 'start_index': 1537}), Document(page_content='34SINGAPORE LAWS\nWhile working here, you must obey Singapore laws. Otherwise, you will face the \npenalties. Your work permit will be revoked and you will not be allowed to enter \nSingapore in the future. \nOffences\nLittering\nWastage of water\nUrinating in public  \nplaces\nJaywalking\nPublic drunkenness', metadata={'page': 11, 'source': 'mw-handy-guide-english', 'start_index': 0})]","{'34SINGAPORE LAWS\nWhile working here, you must obey Singapore laws. Otherwise, you will face the \npenalties. Your work permit will be revoked and you will not be allowed to enter \nSingapore in the future. \nOffences\nLittering\nWastage of water\nUrinating in public  \nplaces\nJaywalking\nPublic drunkenness', 'about other countries. You may ask \nquestions related to Singapore, we \nwill be happy to help!', 'how to protect yourself in these \nsituations: \nhttps://www.mom.gov.sg/passes-\nand-permits/work-permit-for-foreign-\ndomestic-worker/publications-and-\nresources/staying-safe-from-scams\nHow can I keep updated with the \nlatest rules and regulations in \nSingapore?You may visit official websites such', 'latest rules and regulations in \nSingapore?You may visit official websites such \nas www.gov.sg and \nwww.mom.gov.sg for the latest \nupdates to the rules and regulations \nin Singapore. Alternatively you may \naccess the myMOM portal for regular \nupdates as well.\nWhere can I go for help if I have'}","You can stay up to date with the latest regulations in Singapore by visiting official websites such as www.gov.sg and www.mom.gov.sg. These websites provide regular updates on rules and regulations in Singapore. Additionally, you can also access the myMOM portal for the latest updates. Thanks for asking!",您可以通过访问 www.gov.sg 和 www.mom.gov.sg 等官方网站来了解新加坡的最新法规。这些网站会定期更新新加坡的规则和法规。此外，您还可以访问 myMOM 门户网站获取最新更新。感谢您的询问！,"[Document(page_content='latest rules and regulations in \nSingapore?You may visit official websites such \nas www.gov.sg and \nwww.mom.gov.sg for the latest \nupdates to the rules and regulations \nin Singapore. Alternatively you may \naccess the myMOM portal for regular \nupdates as well.\nWhere can I go for help if I have', metadata={'page': 1, 'source': 'https://www.3mk.sg/blogs/three-musketeers-liquor-blog/drinking-laws-in-singapore-2023', 'start_index': 881}), Document(page_content='how to protect yourself in these \nsituations: \nhttps://www.mom.gov.sg/passes-\nand-permits/work-permit-for-foreign-\ndomestic-worker/publications-and-\nresources/staying-safe-from-scams\nHow can I keep updated with the \nlatest rules and regulations in \nSingapore?You may visit official websites such', metadata={'page': 1, 'source': 'https://www.3mk.sg/blogs/three-musketeers-liquor-blog/drinking-laws-in-singapore-2023', 'start_index': 665}), Document(page_content='about other countries. You may ask \nquestions related to Singapore, we \nwill be happy to help!', metadata={'page': 1, 'source': 'https://www.3mk.sg/blogs/three-musketeers-liquor-blog/drinking-laws-in-singapore-2023', 'start_index': 1537}), Document(page_content='34SINGAPORE LAWS\nWhile working here, you must obey Singapore laws. Otherwise, you will face the \npenalties. Your work permit will be revoked and you will not be allowed to enter \nSingapore in the future. \nOffences\nLittering\nWastage of water\nUrinating in public  \nplaces\nJaywalking\nPublic drunkenness', metadata={'page': 11, 'source': 'mw-handy-guide-english', 'start_index': 0})]","{'34SINGAPORE LAWS\nWhile working here, you must obey Singapore laws. Otherwise, you will face the \npenalties. Your work permit will be revoked and you will not be allowed to enter \nSingapore in the future. \nOffences\nLittering\nWastage of water\nUrinating in public  \nplaces\nJaywalking\nPublic drunkenness', 'about other countries. You may ask \nquestions related to Singapore, we \nwill be happy to help!', 'how to protect yourself in these \nsituations: \nhttps://www.mom.gov.sg/passes-\nand-permits/work-permit-for-foreign-\ndomestic-worker/publications-and-\nresources/staying-safe-from-scams\nHow can I keep updated with the \nlatest rules and regulations in \nSingapore?You may visit official websites such', 'latest rules and regulations in \nSingapore?You may visit official websites such \nas www.gov.sg and \nwww.mom.gov.sg for the latest \nupdates to the rules and regulations \nin Singapore. Alternatively you may \naccess the myMOM portal for regular \nupdates as well.\nWhere can I go for help if I have'}"
Where can I go for help if I have financial difficulties?,"You may visit the following channels if you are facing financial difficulties. 
Credit Counselling Singapore: 6225-5227 (www.ccs.org.sg) 
National Council on Problem Gambling: 1800-6-668-668 (www.ncpg.org.sg) 
ComCare: 1800-222-0000 (www.msf.gov.sg/comcare)",如果我有经济困难，可以去哪里寻求帮助？,"If you have financial difficulties, you can seek help from the Ministry of Social and Family Development's Social Service Office. You can contact their ComCare hotline at 1800 222 0000. They provide financial assistance for individuals who have difficulties meeting basic needs. Thanks for Asking!","[Document(page_content='feeling down or having problems at home, speak to someone. If you do not know who \nto turn to, help is available when you call the telephone numbers above. Remember \nthat there’s always someone available to resolve your problems.', metadata={'page': 1, 'source': 'mw-handy-guide-english', 'start_index': 720}), Document(page_content='6353 1180Financial Assistance\nMinistry of Social and Family\nDevelopment, Social Service\nOffice, ComCare hotline\nFor individuals who have\ndifficulties meeting basic\nneeds and require financial\nassistance1800 222 0000\nSilver Ribbon\n(Counselling)\n6386 1928', metadata={'page': 4, 'source': 'resourceguidepamphleteng', 'start_index': 852}), Document(page_content='- Matters relating to employment or when \n  you require assistance\nSOS (Samaritans of Singapore)\n- Help for personal issues, counselling for  \n  depression, etc.\nHealthServe\n- Help on medical care, counselling, social assistance. \nEmbassies / High Commissions', metadata={'page': 0, 'source': 'mw-handy-guide-english', 'start_index': 381}), Document(page_content='(24-hour hotline)Mental well-being\nCounselling\nCounselling and\nCare CentreTOUCHline\n(Counselling)1 767\n6389 2222\n1800 283 7019\n6536 6366 1800 377 2252 1800 353 5800Care Corner\nCounselling Centre\n6353 1180Financial Assistance\nMinistry of Social and Family\nDevelopment, Social Service', metadata={'page': 4, 'source': 'resourceguidepamphleteng', 'start_index': 657})]","{'6353 1180Financial Assistance\nMinistry of Social and Family\nDevelopment, Social Service\nOffice, ComCare hotline\nFor individuals who have\ndifficulties meeting basic\nneeds and require financial\nassistance1800 222 0000\nSilver Ribbon\n(Counselling)\n6386 1928', '(24-hour hotline)Mental well-being\nCounselling\nCounselling and\nCare CentreTOUCHline\n(Counselling)1 767\n6389 2222\n1800 283 7019\n6536 6366 1800 377 2252 1800 353 5800Care Corner\nCounselling Centre\n6353 1180Financial Assistance\nMinistry of Social and Family\nDevelopment, Social Service', 'feeling down or having problems at home, speak to someone. If you do not know who \nto turn to, help is available when you call the telephone numbers above. Remember \nthat there’s always someone available to resolve your problems.', '- Matters relating to employment or when \n  you require assistance\nSOS (Samaritans of Singapore)\n- Help for personal issues, counselling for  \n  depression, etc.\nHealthServe\n- Help on medical care, counselling, social assistance. \nEmbassies / High Commissions'}","If you have financial difficulties, you can seek help from the Ministry of Social and Family Development's Social Service Office. They have a hotline called ComCare that provides financial assistance to individuals who are struggling to meet their basic needs. You can contact them at 1800 222 0000. Additionally, you can reach out to Silver Ribbon for counseling support at 6386 1928. Thanks for Asking!",如果您有经济困难，可以向社会及家庭发展部社会服务办公室寻求帮助。他们有一条名为 ComCare 的热线，为难以满足基本需求的个人提供经济援助。您可以拨打 1800 222 0000 联系他们。此外，您还可以拨打 6386 1928 联系 Silver Ribbon 寻求咨询支持。感谢您的咨询！,"[Document(page_content='feeling down or having problems at home, speak to someone. If you do not know who \nto turn to, help is available when you call the telephone numbers above. Remember \nthat there’s always someone available to resolve your problems.', metadata={'page': 1, 'source': 'mw-handy-guide-english', 'start_index': 720}), Document(page_content='6353 1180Financial Assistance\nMinistry of Social and Family\nDevelopment, Social Service\nOffice, ComCare hotline\nFor individuals who have\ndifficulties meeting basic\nneeds and require financial\nassistance1800 222 0000\nSilver Ribbon\n(Counselling)\n6386 1928', metadata={'page': 4, 'source': 'resourceguidepamphleteng', 'start_index': 852}), Document(page_content='- Matters relating to employment or when \n  you require assistance\nSOS (Samaritans of Singapore)\n- Help for personal issues, counselling for  \n  depression, etc.\nHealthServe\n- Help on medical care, counselling, social assistance. \nEmbassies / High Commissions', metadata={'page': 0, 'source': 'mw-handy-guide-english', 'start_index': 381}), Document(page_content='claims, or cases, you should approach the officers at the airport immigration counters \nfor assistance. MOM will help you.Do not hesitate to seek help when you are feeling stressed or pressured. If you are \nfeeling down or having problems at home, speak to someone. If you do not know who', metadata={'page': 1, 'source': 'mw-handy-guide-english', 'start_index': 513})]","{'6353 1180Financial Assistance\nMinistry of Social and Family\nDevelopment, Social Service\nOffice, ComCare hotline\nFor individuals who have\ndifficulties meeting basic\nneeds and require financial\nassistance1800 222 0000\nSilver Ribbon\n(Counselling)\n6386 1928', 'claims, or cases, you should approach the officers at the airport immigration counters \nfor assistance. MOM will help you.Do not hesitate to seek help when you are feeling stressed or pressured. If you are \nfeeling down or having problems at home, speak to someone. If you do not know who', 'feeling down or having problems at home, speak to someone. If you do not know who \nto turn to, help is available when you call the telephone numbers above. Remember \nthat there’s always someone available to resolve your problems.', '- Matters relating to employment or when \n  you require assistance\nSOS (Samaritans of Singapore)\n- Help for personal issues, counselling for  \n  depression, etc.\nHealthServe\n- Help on medical care, counselling, social assistance. \nEmbassies / High Commissions'}"
Where is the most fun place in China?,"I'm sorry we don't have information about other countries. You may ask questions related to Singapore, we will be happy to help!",中国最好玩的地方是哪里？。,"I'm sorry we don't have information about other countries. You may ask questions related to Singapore, we will be happy to help!",set(),set(),"I'm sorry we don't have information about other countries. You may ask questions related to Singapore, we will be happy to help!",很抱歉我们没有其他国家的信息。您可以询问与新加坡相关的问题，我们很乐意为您提供帮助！,set(),set()
Which is the most properous city in China?,"I'm sorry we don't have information about other countries. You may ask questions related to Singapore, we will be happy to help!",中国最繁荣的城市是哪一个？,"I'm sorry we don't have information about other countries. You may ask questions related to Singapore, we will be happy to help!",set(),set(),"I'm sorry we don't have information about other countries. You may ask questions related to Singapore, we will be happy to help!",很抱歉我们没有其他国家的信息。您可以询问与新加坡相关的问题，我们很乐意为您提供帮助！,set(),set()
What happens if I am caught littering?,"If you are caught littering, you will be fined $300 for the first offence and $600 per offence thereafter ",如果我被发现乱扔垃圾会怎么样？,"If you are caught littering in Singapore, you will be fined $300 for the first offence and $600 per offence thereafter. It is important to dispose of your waste properly to maintain cleanliness and avoid penalties. Thanks for asking!","[Document(page_content='What happens if I am caught \nlittering?If you are caught littering, you will be \nfined $300 for the first offence and \n$600 per offence thereafter \nAre there restrictions on drinking \nalcohol outside?You may buy and drink alcohol \noutside anytime except for the hours', metadata={'page': 2, 'source': 'https://www.3mk.sg/blogs/three-musketeers-liquor-blog/drinking-laws-in-singapore-2023', 'start_index': 0}), Document(page_content='Offences\nLittering\nWastage of water\nUrinating in public  \nplaces\nJaywalking\nPublic drunkenness\nUnlawful consumption  \nof liquor in public places\nMaking a false  \npolice report\nTheft (stealing  \nor shoplifting)Penalties\n• Fine of up to $2,000, with increased fines\n for repeat offenders.', metadata={'page': 11, 'source': 'mw-handy-guide-english', 'start_index': 205}), Document(page_content='34SINGAPORE LAWS\nWhile working here, you must obey Singapore laws. Otherwise, you will face the \npenalties. Your work permit will be revoked and you will not be allowed to enter \nSingapore in the future. \nOffences\nLittering\nWastage of water\nUrinating in public  \nplaces\nJaywalking\nPublic drunkenness', metadata={'page': 11, 'source': 'mw-handy-guide-english', 'start_index': 0}), Document(page_content='in case of continuing offence.\n• Fine of up to $1,000, with increased fines \n for repeat offenders.\n• Imprisonment of up to 3 months or a fine \n of up to $1,000, or both, with increased fines \n for repeat offenders.\n• Imprisonment of up to 1 month \n or a fine of up to $1,000.', metadata={'page': 11, 'source': 'mw-handy-guide-english', 'start_index': 604})]","{'Offences\nLittering\nWastage of water\nUrinating in public  \nplaces\nJaywalking\nPublic drunkenness\nUnlawful consumption  \nof liquor in public places\nMaking a false  \npolice report\nTheft (stealing  \nor shoplifting)Penalties\n• Fine of up to $2,000, with increased fines\n for repeat offenders.', '34SINGAPORE LAWS\nWhile working here, you must obey Singapore laws. Otherwise, you will face the \npenalties. Your work permit will be revoked and you will not be allowed to enter \nSingapore in the future. \nOffences\nLittering\nWastage of water\nUrinating in public  \nplaces\nJaywalking\nPublic drunkenness', 'What happens if I am caught \nlittering?If you are caught littering, you will be \nfined $300 for the first offence and \n$600 per offence thereafter \nAre there restrictions on drinking \nalcohol outside?You may buy and drink alcohol \noutside anytime except for the hours', 'in case of continuing offence.\n• Fine of up to $1,000, with increased fines \n for repeat offenders.\n• Imprisonment of up to 3 months or a fine \n of up to $1,000, or both, with increased fines \n for repeat offenders.\n• Imprisonment of up to 1 month \n or a fine of up to $1,000.'}","If you are caught littering in Singapore, you may be punished with a fine or imprisonment. The exact punishment will depend on the severity of the offense and whether it is a first-time or repeat offense. For a first-time offense, you may be fined up to $2,000. Repeat offenders may face higher fines or even imprisonment for a term of up to 6 months. It is important to keep Singapore clean and dispose of waste properly to avoid any legal consequences. Thanks for Asking!","如果您在新加坡乱扔垃圾，您可能会被处以罚款或监禁。具体惩罚将取决于违法行为的严重程度以及是初犯还是重犯。对于初犯，您可能会被处以最高 2,000 美元的罚款。重犯可能会面临更高的罚款，甚至最高 6 个月的监禁。保持新加坡清洁并妥善处理垃圾非常重要，以避免任何法律后果。感谢您的提问！","[Document(page_content='[Act25of2021wef01/04/2022]\nPunishment forcommitting mischief\n426.Whoevercommitsmischiefshallbepunishedwith\nimprisonment foratermwhichmayextendto2years,orwith\nfine,orwithboth.\n[15/2019]\nPunishment forcommitting mischiefcausingdisruption tokey\nservice,etc.', metadata={'page': 262, 'source': 'Penal Code 1871', 'start_index': 645}), Document(page_content='willofthatperson,shallbepunishedwithimprisonment foraterm\nwhichmayextendtooneyear,orwithfine,orwithboth.PenalCode1871 189 2020Ed.\nInformalConsolidation –versioninforcefrom31/1/2024', metadata={'page': 189, 'source': 'Penal Code 1871', 'start_index': 1484}), Document(page_content='(b)inthecaseofanegligentact,withimprisonment foraterm\nwhichmayextendto6months,orwithfinewhichmay\nextendto$2,500,orwithboth.PenalCode1871 177 2020Ed.\nInformalConsolidation –versioninforcefrom31/1/2024', metadata={'page': 177, 'source': 'Penal Code 1871', 'start_index': 1267}), Document(page_content='offeredforsalebythelawfulauthorityofanypublicservantassuch,\nshall—\n(a)inthecaseofanindividual,bepunishedwith\nimprisonment foratermwhichmayextendtoone\nmonth,orwithfinewhichmayextendto$1,500,orwith\nboth;or\n(b)inanyothercase,bepunishedwithfinewhichmayextend\nto$10,000.', metadata={'page': 109, 'source': 'Penal Code 1871', 'start_index': 968})]","{'(b)inthecaseofanegligentact,withimprisonment foraterm\nwhichmayextendto6months,orwithfinewhichmay\nextendto$2,500,orwithboth.PenalCode1871 177 2020Ed.\nInformalConsolidation –versioninforcefrom31/1/2024', 'offeredforsalebythelawfulauthorityofanypublicservantassuch,\nshall—\n(a)inthecaseofanindividual,bepunishedwith\nimprisonment foratermwhichmayextendtoone\nmonth,orwithfinewhichmayextendto$1,500,orwith\nboth;or\n(b)inanyothercase,bepunishedwithfinewhichmayextend\nto$10,000.', 'willofthatperson,shallbepunishedwithimprisonment foraterm\nwhichmayextendtooneyear,orwithfine,orwithboth.PenalCode1871 189 2020Ed.\nInformalConsolidation –versioninforcefrom31/1/2024', '[Act25of2021wef01/04/2022]\nPunishment forcommitting mischief\n426.Whoevercommitsmischiefshallbepunishedwith\nimprisonment foratermwhichmayextendto2years,orwith\nfine,orwithboth.\n[15/2019]\nPunishment forcommitting mischiefcausingdisruption tokey\nservice,etc.'}"
Are there restrictions on drinking alcohol outside?,"You may buy and drink alcohol outside anytime except for the hours between 10:30pm to 7am daily. You may visit this link for more information on the matter: https://www.mha.gov.sg/docs/default-source/media-room-doc/annexestothepressreleaseonfirstreadingofliquorcontrolsupplyandconsumptionbill.pdf?sfvrsn=d9df36e2_0#:~:text=Under%20the%20new%20Bill%2C%20the,of%20liquor%20in%20public%20places.

https://www.3mk.sg/blogs/three-musketeers-liquor-blog/drinking-laws-in-singapore-2023",在户外喝酒有什么限制吗？,"You may buy and drink alcohol outside anytime except for the hours between 10:30pm to 7am daily. For more information on this matter, you may visit this link: https://www.mha.gov.sg/docs/default-source/media-room-doc/annexestothepressreleaseonfirstreadingofliquorcontrolsupplyandconsumptionbill.pdf?sfvrsn=d9df36e2_0#:~:text=Under%20the%20new%20Bill%2C%20the,of%20liquor%20in%20public%20places. Thanks for asking!","[Document(page_content='alcohol outside?You may buy and drink alcohol \noutside anytime except for the hours \nbetween 10:30pm to 7am daily. You \nmay visit this link for more \ninformation on the matter: \nhttps://www.mha.gov.sg/docs/defau\nlt-source/media-room-\ndoc/annexestothepressreleaseonfirs', metadata={'page': 2, 'source': 'https://www.3mk.sg/blogs/three-musketeers-liquor-blog/drinking-laws-in-singapore-2023', 'start_index': 184}), Document(page_content='What happens if I am caught \nlittering?If you are caught littering, you will be \nfined $300 for the first offence and \n$600 per offence thereafter \nAre there restrictions on drinking \nalcohol outside?You may buy and drink alcohol \noutside anytime except for the hours', metadata={'page': 2, 'source': 'https://www.3mk.sg/blogs/three-musketeers-liquor-blog/drinking-laws-in-singapore-2023', 'start_index': 0}), Document(page_content='Offences\nLittering\nWastage of water\nUrinating in public  \nplaces\nJaywalking\nPublic drunkenness\nUnlawful consumption  \nof liquor in public places\nMaking a false  \npolice report\nTheft (stealing  \nor shoplifting)Penalties\n• Fine of up to $2,000, with increased fines\n for repeat offenders.', metadata={'page': 11, 'source': 'mw-handy-guide-english', 'start_index': 205}), Document(page_content='https://www.mha.gov.sg/docs/defau\nlt-source/media-room-\ndoc/annexestothepressreleaseonfirs\ntreadingofliquorcontrolsupplyandco\nnsumptionbill.pdf?sfvrsn=d9df36e2_\n0#:~:text=Under%20the%20new%20\nBill%2C%20the,of%20liquor%20in%\n20public%20places.', metadata={'page': 2, 'source': 'https://www.3mk.sg/blogs/three-musketeers-liquor-blog/drinking-laws-in-singapore-2023', 'start_index': 362})]","{'Offences\nLittering\nWastage of water\nUrinating in public  \nplaces\nJaywalking\nPublic drunkenness\nUnlawful consumption  \nof liquor in public places\nMaking a false  \npolice report\nTheft (stealing  \nor shoplifting)Penalties\n• Fine of up to $2,000, with increased fines\n for repeat offenders.', 'alcohol outside?You may buy and drink alcohol \noutside anytime except for the hours \nbetween 10:30pm to 7am daily. You \nmay visit this link for more \ninformation on the matter: \nhttps://www.mha.gov.sg/docs/defau\nlt-source/media-room-\ndoc/annexestothepressreleaseonfirs', 'What happens if I am caught \nlittering?If you are caught littering, you will be \nfined $300 for the first offence and \n$600 per offence thereafter \nAre there restrictions on drinking \nalcohol outside?You may buy and drink alcohol \noutside anytime except for the hours', 'https://www.mha.gov.sg/docs/defau\nlt-source/media-room-\ndoc/annexestothepressreleaseonfirs\ntreadingofliquorcontrolsupplyandco\nnsumptionbill.pdf?sfvrsn=d9df36e2_\n0#:~:text=Under%20the%20new%20\nBill%2C%20the,of%20liquor%20in%\n20public%20places.'}","You may buy and drink alcohol outside anytime except for the hours between 10:30pm to 7am daily. For more information on this matter, you may visit this link: https://www.mha.gov.sg/docs/default-source/media-room-doc/annexestothepressreleaseonfirstreadingofliquorcontrolsupplyandconsumptionbill.pdf?sfvrsn=d9df36e2_0#:~:text=Under%20the%20new%20Bill%2C%20the,of%20liquor%20in%20public%20places. Thanks for asking!","除每天晚上 10:30 至早上 7 点之间的时间段外，您可随时在户外购买和饮用酒精饮料。有关此事的更多信息，您可以访问此链接：https://www. mha. gov. sg/docs/default-source/media-room-doc/annexestothepressreleaseonfirstreadingofliquorcontrolsupplyandconsumptionbill. pdf?sfvrsn=d9df36e2_0#:~:text=Under%20the%20new%20Bill%2C%20the,of%20liquor%20in%20public%20places。感谢您的询问！","[Document(page_content='alcohol outside?You may buy and drink alcohol \noutside anytime except for the hours \nbetween 10:30pm to 7am daily. You \nmay visit this link for more \ninformation on the matter: \nhttps://www.mha.gov.sg/docs/defau\nlt-source/media-room-\ndoc/annexestothepressreleaseonfirs', metadata={'page': 2, 'source': 'https://www.3mk.sg/blogs/three-musketeers-liquor-blog/drinking-laws-in-singapore-2023', 'start_index': 184}), Document(page_content='What happens if I am caught \nlittering?If you are caught littering, you will be \nfined $300 for the first offence and \n$600 per offence thereafter \nAre there restrictions on drinking \nalcohol outside?You may buy and drink alcohol \noutside anytime except for the hours', metadata={'page': 2, 'source': 'https://www.3mk.sg/blogs/three-musketeers-liquor-blog/drinking-laws-in-singapore-2023', 'start_index': 0}), Document(page_content='Offences\nLittering\nWastage of water\nUrinating in public  \nplaces\nJaywalking\nPublic drunkenness\nUnlawful consumption  \nof liquor in public places\nMaking a false  \npolice report\nTheft (stealing  \nor shoplifting)Penalties\n• Fine of up to $2,000, with increased fines\n for repeat offenders.', metadata={'page': 11, 'source': 'mw-handy-guide-english', 'start_index': 205}), Document(page_content='https://www.mha.gov.sg/docs/defau\nlt-source/media-room-\ndoc/annexestothepressreleaseonfirs\ntreadingofliquorcontrolsupplyandco\nnsumptionbill.pdf?sfvrsn=d9df36e2_\n0#:~:text=Under%20the%20new%20\nBill%2C%20the,of%20liquor%20in%\n20public%20places.', metadata={'page': 2, 'source': 'https://www.3mk.sg/blogs/three-musketeers-liquor-blog/drinking-laws-in-singapore-2023', 'start_index': 362})]","{'Offences\nLittering\nWastage of water\nUrinating in public  \nplaces\nJaywalking\nPublic drunkenness\nUnlawful consumption  \nof liquor in public places\nMaking a false  \npolice report\nTheft (stealing  \nor shoplifting)Penalties\n• Fine of up to $2,000, with increased fines\n for repeat offenders.', 'alcohol outside?You may buy and drink alcohol \noutside anytime except for the hours \nbetween 10:30pm to 7am daily. You \nmay visit this link for more \ninformation on the matter: \nhttps://www.mha.gov.sg/docs/defau\nlt-source/media-room-\ndoc/annexestothepressreleaseonfirs', 'What happens if I am caught \nlittering?If you are caught littering, you will be \nfined $300 for the first offence and \n$600 per offence thereafter \nAre there restrictions on drinking \nalcohol outside?You may buy and drink alcohol \noutside anytime except for the hours', 'https://www.mha.gov.sg/docs/defau\nlt-source/media-room-\ndoc/annexestothepressreleaseonfirs\ntreadingofliquorcontrolsupplyandco\nnsumptionbill.pdf?sfvrsn=d9df36e2_\n0#:~:text=Under%20the%20new%20\nBill%2C%20the,of%20liquor%20in%\n20public%20places.'}"
How to help my friend who got scammed?,You may visit the Ant-Scam Resource Guide for information or access scamshield on how to get help for people who have been scammed,如何帮助我被骗的朋友？,"I'm sorry to hear that your friend got scammed. It's important to provide support and guidance during this difficult time. Here are some steps you can take to help your friend:

1. Offer emotional support: Let your friend know that you are there for them and that you understand how distressing it can be to fall victim to a scam. Encourage them to share their feelings and concerns.

2. Encourage them to report the scam: Advise your friend to file a police report either online or in person. If they require urgent assistance, they can call '999' to reach the police. Reporting the scam is crucial as it helps authorities track down the scammers and prevent further victims.

3. Help them gather evidence: Assist your friend in collecting any evidence related to the scam, such as screenshots of conversations, emails, or any other documentation. This evidence can be useful during the investigation process.

4. Connect them with support resources: Provide your friend with information about helplines, government services, NGOs, or other organizations that offer assistance to scam victims. These resources can provide guidance, advice, and support throughout the recovery process.

5. Encourage them to stay vigilant: Remind your friend to be cautious and avoid sharing personal or financial information with unknown sources. Scammers often target individuals who have already been scammed, so it's important to stay alert and learn from the experience.

Remember, it's essential to respect your friend's privacy and allow them to make their own decisions regarding their recovery process. Thanks for Asking!","[Document(page_content='If you can still access your online account,\nchange your password and enable two or\nmulti-factor authentication.\nStay alert for repeated scam attempts,\nincluding those impersonating the Police\nor other government authorities.\nBeing a victim of scam can be distressing.', metadata={'page': 1, 'source': 'resourceguidepamphleteng', 'start_index': 190}), Document(page_content=""or other government authorities.\nBeing a victim of scam can be distressing.\nSeek support from family and friends.WHAT SHOULD I DO IF I FALL PREY TO SCAMS?\nFile a police report online or in person;\ncall '999' if you require Police’s urgent\nassistance.\nShare scam-related information with the"", metadata={'page': 1, 'source': 'resourceguidepamphleteng', 'start_index': 383}), Document(page_content='COMMON FAQs RELATING TO POLICE INVESTIGATION INTO\nSCAMS-RELATED OFFENCES\nThe time taken to com plete investigation for a scam-related case depends on several factors,\nsuch as the type of scam, how well the scammer covers his tracks and whether the monies\nhave been transferred overseas.', metadata={'page': 2, 'source': 'resourceguidepamphleteng', 'start_index': 0}), Document(page_content='factors and differs across the various types of scams.\nFor exampl e, whether there are multiple claimants and whether the monies are still relevant\nfor the purposes of investigation or court trial or other court proceedings.I was a victim of an online scam and was cheated of my money.', metadata={'page': 3, 'source': 'resourceguidepamphleteng', 'start_index': 923})]","{'COMMON FAQs RELATING TO POLICE INVESTIGATION INTO\nSCAMS-RELATED OFFENCES\nThe time taken to com plete investigation for a scam-related case depends on several factors,\nsuch as the type of scam, how well the scammer covers his tracks and whether the monies\nhave been transferred overseas.', 'factors and differs across the various types of scams.\nFor exampl e, whether there are multiple claimants and whether the monies are still relevant\nfor the purposes of investigation or court trial or other court proceedings.I was a victim of an online scam and was cheated of my money.', ""or other government authorities.\nBeing a victim of scam can be distressing.\nSeek support from family and friends.WHAT SHOULD I DO IF I FALL PREY TO SCAMS?\nFile a police report online or in person;\ncall '999' if you require Police’s urgent\nassistance.\nShare scam-related information with the"", 'If you can still access your online account,\nchange your password and enable two or\nmulti-factor authentication.\nStay alert for repeated scam attempts,\nincluding those impersonating the Police\nor other government authorities.\nBeing a victim of scam can be distressing.'}","If your friend has been scammed, there are several ways you can help them:

1. Offer emotional support: Being a victim of a scam can be distressing, so it's important to provide a listening ear and offer comfort to your friend during this difficult time.

2. Encourage them to report the scam: Advise your friend to file a police report either online or in person. If they require urgent assistance, they can call '999' to reach the police.

3. Share scam-related information: Encourage your friend to share any relevant information about the scam with the authorities. This can help in the investigation and prevention of similar scams in the future.

4. Connect them with support resources: Help your friend connect with helplines, government services, NGOs, or other organizations that offer assistance to scam victims. These resources can provide guidance, advice, and support to help them navigate through the aftermath of the scam.

Remember, it's important to avoid sharing personal or financial information with unknown sources to prevent falling prey to scams. Stay safe!

Thanks for asking!","如果您的朋友被骗了，您可以通过以下几种方式帮助他们：

1. 提供情感支持：成为骗局的受害者可能会令人痛苦，因此在这个困难时期，倾听并安慰您的朋友非常重要。 2. 鼓励他们举报骗局：建议您的朋友在线或亲自向警方报案。如果他们需要紧急援助，可以拨打“999”联系警方。 3. 分享与骗局相关的信息：鼓励您的朋友与当局分享有关骗局的任何相关信息。这有助于调查和预防将来发生类似的骗局。 4. 为他们提供支持资源：帮助您的朋友联系热线、政府服务机构、非政府组织或其他为骗局受害者提供援助的组织。这些资源可以提供指导、建议和支持，帮助他们度过骗局的后果。请记住，避免与未知来源分享个人或财务信息很重要，以防止成为骗局的受害者。注意安全！

感谢您的询问！。","[Document(page_content='If you can still access your online account,\nchange your password and enable two or\nmulti-factor authentication.\nStay alert for repeated scam attempts,\nincluding those impersonating the Police\nor other government authorities.\nBeing a victim of scam can be distressing.', metadata={'page': 1, 'source': 'resourceguidepamphleteng', 'start_index': 190}), Document(page_content=""or other government authorities.\nBeing a victim of scam can be distressing.\nSeek support from family and friends.WHAT SHOULD I DO IF I FALL PREY TO SCAMS?\nFile a police report online or in person;\ncall '999' if you require Police’s urgent\nassistance.\nShare scam-related information with the"", metadata={'page': 1, 'source': 'resourceguidepamphleteng', 'start_index': 383}), Document(page_content='factors and differs across the various types of scams.\nFor exampl e, whether there are multiple claimants and whether the monies are still relevant\nfor the purposes of investigation or court trial or other court proceedings.I was a victim of an online scam and was cheated of my money.', metadata={'page': 3, 'source': 'resourceguidepamphleteng', 'start_index': 923}), Document(page_content='COMMON FAQs RELATING TO POLICE INVESTIGATION INTO\nSCAMS-RELATED OFFENCES\nThe time taken to com plete investigation for a scam-related case depends on several factors,\nsuch as the type of scam, how well the scammer covers his tracks and whether the monies\nhave been transferred overseas.', metadata={'page': 2, 'source': 'resourceguidepamphleteng', 'start_index': 0})]","{'COMMON FAQs RELATING TO POLICE INVESTIGATION INTO\nSCAMS-RELATED OFFENCES\nThe time taken to com plete investigation for a scam-related case depends on several factors,\nsuch as the type of scam, how well the scammer covers his tracks and whether the monies\nhave been transferred overseas.', 'factors and differs across the various types of scams.\nFor exampl e, whether there are multiple claimants and whether the monies are still relevant\nfor the purposes of investigation or court trial or other court proceedings.I was a victim of an online scam and was cheated of my money.', ""or other government authorities.\nBeing a victim of scam can be distressing.\nSeek support from family and friends.WHAT SHOULD I DO IF I FALL PREY TO SCAMS?\nFile a police report online or in person;\ncall '999' if you require Police’s urgent\nassistance.\nShare scam-related information with the"", 'If you can still access your online account,\nchange your password and enable two or\nmulti-factor authentication.\nStay alert for repeated scam attempts,\nincluding those impersonating the Police\nor other government authorities.\nBeing a victim of scam can be distressing.'}"
How can I go around Singapore by myself?,You may use the ez-link card to take bus or the train (MRT). These can be purchased from convenience stores like 7-11 or the MRT stations and you can top up your card using the machines at the MRT stations. For more information you may refer to this link: https://www.mom.gov.sg/-/media/mom/documents/publications/mw-guides/mw-handy-guide-english.pdf,我怎样才能独自游览新加坡？,"You can easily get around Singapore by using various modes of transportation. The most common ones are buses, Mass Rapid Transit (MRT), Light Rail Transit (LRT), taxis, and private hire vehicles. To use public transportation, you can purchase an EZ-Link card, which allows you to conveniently pay for your fares. The MRT and LRT networks are extensive and cover most parts of Singapore, making it a convenient and efficient way to travel. Buses also provide extensive coverage and are a good option for shorter distances or areas not served by the MRT. Taxis and private hire vehicles are readily available and can be hailed on the street or booked through mobile apps. Just remember to familiarize yourself with the local social norms and be considerate of others while using public transportation. Thanks for asking!","[Document(page_content='6GETTING AROUND SINGAPORE\nIt is easy to get around Singapore. The different types of transport are as follows:\n•   Bus\n•   Mass Rapid Transit (MRT) \n•   Light Rail Transit (LRT)\n•   Taxi\n•   Private Hire Vehicles\nEZ-Link Cards', metadata={'page': 5, 'source': 'mw-handy-guide-english', 'start_index': 0}), Document(page_content='such as temples, churches and mosques.\nBelow are some tips to guide you:LOCAL SOCIAL NORMS \nWhile in Singapore, you should familiarise yourself with the local social norms. \nWhat is acceptable in your home country may not be acceptable in Singapore.\nGood Behaviour in Public\n•   Do not fight.', metadata={'page': 1, 'source': 'mw-handy-guide-english', 'start_index': 540}), Document(page_content='about other countries. You may ask \nquestions related to Singapore, we \nwill be happy to help!', metadata={'page': 1, 'source': 'https://www.3mk.sg/blogs/three-musketeers-liquor-blog/drinking-laws-in-singapore-2023', 'start_index': 1537}), Document(page_content='1WELCOME TO SINGAPORE\nWelcome to Singapore! This guide will provide you with information that will help you \nadapt and adjust to your new working and living environment. It is important that you \nknow your employment rights and responsibilities, and abide by the laws of Singapore.', metadata={'page': 0, 'source': 'mw-handy-guide-english', 'start_index': 0})]","{'6GETTING AROUND SINGAPORE\nIt is easy to get around Singapore. The different types of transport are as follows:\n•   Bus\n•   Mass Rapid Transit (MRT) \n•   Light Rail Transit (LRT)\n•   Taxi\n•   Private Hire Vehicles\nEZ-Link Cards', 'about other countries. You may ask \nquestions related to Singapore, we \nwill be happy to help!', '1WELCOME TO SINGAPORE\nWelcome to Singapore! This guide will provide you with information that will help you \nadapt and adjust to your new working and living environment. It is important that you \nknow your employment rights and responsibilities, and abide by the laws of Singapore.', 'such as temples, churches and mosques.\nBelow are some tips to guide you:LOCAL SOCIAL NORMS \nWhile in Singapore, you should familiarise yourself with the local social norms. \nWhat is acceptable in your home country may not be acceptable in Singapore.\nGood Behaviour in Public\n•   Do not fight.'}","You can travel around Singapore on your own using various modes of transportation. The most common options are buses, the Mass Rapid Transit (MRT) system, and taxis. You can also use private hire vehicles like Grab or Gojek. To make your travel more convenient, I recommend getting an EZ-Link card, which is a contactless smart card that can be used for payment on public transportation. It can be easily topped up and used for multiple trips. Thanks for Asking!",您可以使用各种交通工具自行游览新加坡。最常见的选择是巴士、捷运系统和出租车。您也可以使用 Grab 或 Gojek 等私人出租车。为了让您的旅行更加方便，我建议您购买 EZ-Link 卡，这是一种非接触式智能卡，可用于支付公共交通费用。它可以轻松充值并多次使用。感谢您的询问！,"[Document(page_content='6GETTING AROUND SINGAPORE\nIt is easy to get around Singapore. The different types of transport are as follows:\n•   Bus\n•   Mass Rapid Transit (MRT) \n•   Light Rail Transit (LRT)\n•   Taxi\n•   Private Hire Vehicles\nEZ-Link Cards', metadata={'page': 5, 'source': 'mw-handy-guide-english', 'start_index': 0}), Document(page_content='about other countries. You may ask \nquestions related to Singapore, we \nwill be happy to help!', metadata={'page': 1, 'source': 'https://www.3mk.sg/blogs/three-musketeers-liquor-blog/drinking-laws-in-singapore-2023', 'start_index': 1537}), Document(page_content='1WELCOME TO SINGAPORE\nWelcome to Singapore! This guide will provide you with information that will help you \nadapt and adjust to your new working and living environment. It is important that you \nknow your employment rights and responsibilities, and abide by the laws of Singapore.', metadata={'page': 0, 'source': 'mw-handy-guide-english', 'start_index': 0}), Document(page_content='such as temples, churches and mosques.\nBelow are some tips to guide you:LOCAL SOCIAL NORMS \nWhile in Singapore, you should familiarise yourself with the local social norms. \nWhat is acceptable in your home country may not be acceptable in Singapore.\nGood Behaviour in Public\n•   Do not fight.', metadata={'page': 1, 'source': 'mw-handy-guide-english', 'start_index': 540})]","{'6GETTING AROUND SINGAPORE\nIt is easy to get around Singapore. The different types of transport are as follows:\n•   Bus\n•   Mass Rapid Transit (MRT) \n•   Light Rail Transit (LRT)\n•   Taxi\n•   Private Hire Vehicles\nEZ-Link Cards', 'about other countries. You may ask \nquestions related to Singapore, we \nwill be happy to help!', '1WELCOME TO SINGAPORE\nWelcome to Singapore! This guide will provide you with information that will help you \nadapt and adjust to your new working and living environment. It is important that you \nknow your employment rights and responsibilities, and abide by the laws of Singapore.', 'such as temples, churches and mosques.\nBelow are some tips to guide you:LOCAL SOCIAL NORMS \nWhile in Singapore, you should familiarise yourself with the local social norms. \nWhat is acceptable in your home country may not be acceptable in Singapore.\nGood Behaviour in Public\n•   Do not fight.'}"
What are the rules about jaywalking in Singapore?,You will be fined $50 for the first offence if caught jaywalking.,新加坡关于乱穿马路有哪些规定？,"Jaywalking is considered an offence in Singapore. It is important to use designated pedestrian crossings and follow traffic signals when crossing the road. Jaywalking can result in a maximum fine of $80,000 and/or imprisonment for up to 2 years. Your work permit may also be revoked, and you may be sent home and not allowed to work in Singapore. It is important to obey traffic laws to ensure your safety and avoid legal consequences. Thanks for Asking!","[Document(page_content='34SINGAPORE LAWS\nWhile working here, you must obey Singapore laws. Otherwise, you will face the \npenalties. Your work permit will be revoked and you will not be allowed to enter \nSingapore in the future. \nOffences\nLittering\nWastage of water\nUrinating in public  \nplaces\nJaywalking\nPublic drunkenness', metadata={'page': 11, 'source': 'mw-handy-guide-english', 'start_index': 0}), Document(page_content='The penalty for committing any of these offences is a maximum fine of $80,000 and/or \nimprisonment for up to 2 years. Your work permit will be revoked, and you will be sent \nhome and not be allowed to work in Singapore.', metadata={'page': 5, 'source': 'mw-handy-guide-english', 'start_index': 1214}), Document(page_content='Offences\nLittering\nWastage of water\nUrinating in public  \nplaces\nJaywalking\nPublic drunkenness\nUnlawful consumption  \nof liquor in public places\nMaking a false  \npolice report\nTheft (stealing  \nor shoplifting)Penalties\n• Fine of up to $2,000, with increased fines\n for repeat offenders.', metadata={'page': 11, 'source': 'mw-handy-guide-english', 'start_index': 205}), Document(page_content='videos). While several jurisdictions like the \nUK (E ngland and Wales), New Zealand , \nScotland , and A ustralian states (like Victoria  \nand the New South Wales ) have introduced  \nnew criminal offences to deal with these \nchallenges, Singapore has not done so yet.', metadata={'page': 12, 'source': 'factsheet-on-criminal-law-reform-bill', 'start_index': 2076})]","{'34SINGAPORE LAWS\nWhile working here, you must obey Singapore laws. Otherwise, you will face the \npenalties. Your work permit will be revoked and you will not be allowed to enter \nSingapore in the future. \nOffences\nLittering\nWastage of water\nUrinating in public  \nplaces\nJaywalking\nPublic drunkenness', 'videos). While several jurisdictions like the \nUK (E ngland and Wales), New Zealand , \nScotland , and A ustralian states (like Victoria  \nand the New South Wales ) have introduced  \nnew criminal offences to deal with these \nchallenges, Singapore has not done so yet.', 'Offences\nLittering\nWastage of water\nUrinating in public  \nplaces\nJaywalking\nPublic drunkenness\nUnlawful consumption  \nof liquor in public places\nMaking a false  \npolice report\nTheft (stealing  \nor shoplifting)Penalties\n• Fine of up to $2,000, with increased fines\n for repeat offenders.', 'The penalty for committing any of these offences is a maximum fine of $80,000 and/or \nimprisonment for up to 2 years. Your work permit will be revoked, and you will be sent \nhome and not be allowed to work in Singapore.'}","Jaywalking is considered an offence in Singapore. It refers to crossing the road at undesignated areas or against traffic signals. To ensure your safety and avoid penalties, always use designated pedestrian crossings and wait for the green signal before crossing the road. Remember, jaywalking can result in a maximum fine of $80,000 and/or imprisonment for up to 2 years. Thanks for Asking!","在新加坡，乱穿马路是违法行为。乱穿马路是指在非指定区域或违反交通信号灯过马路。为了确保您的安全并避免受到处罚，请始终使用指定的行人过路处并等待绿灯信号后再过马路。请记住，乱穿马路最高可处以 80,000 美元罚款和/或最高 2 年监禁。感谢您的提问！","[Document(page_content='34SINGAPORE LAWS\nWhile working here, you must obey Singapore laws. Otherwise, you will face the \npenalties. Your work permit will be revoked and you will not be allowed to enter \nSingapore in the future. \nOffences\nLittering\nWastage of water\nUrinating in public  \nplaces\nJaywalking\nPublic drunkenness', metadata={'page': 11, 'source': 'mw-handy-guide-english', 'start_index': 0}), Document(page_content='videos). While several jurisdictions like the \nUK (E ngland and Wales), New Zealand , \nScotland , and A ustralian states (like Victoria  \nand the New South Wales ) have introduced  \nnew criminal offences to deal with these \nchallenges, Singapore has not done so yet.', metadata={'page': 12, 'source': 'factsheet-on-criminal-law-reform-bill', 'start_index': 2076}), Document(page_content='The penalty for committing any of these offences is a maximum fine of $80,000 and/or \nimprisonment for up to 2 years. Your work permit will be revoked, and you will be sent \nhome and not be allowed to work in Singapore.', metadata={'page': 5, 'source': 'mw-handy-guide-english', 'start_index': 1214}), Document(page_content='Offences\nLittering\nWastage of water\nUrinating in public  \nplaces\nJaywalking\nPublic drunkenness\nUnlawful consumption  \nof liquor in public places\nMaking a false  \npolice report\nTheft (stealing  \nor shoplifting)Penalties\n• Fine of up to $2,000, with increased fines\n for repeat offenders.', metadata={'page': 11, 'source': 'mw-handy-guide-english', 'start_index': 205})]","{'34SINGAPORE LAWS\nWhile working here, you must obey Singapore laws. Otherwise, you will face the \npenalties. Your work permit will be revoked and you will not be allowed to enter \nSingapore in the future. \nOffences\nLittering\nWastage of water\nUrinating in public  \nplaces\nJaywalking\nPublic drunkenness', 'The penalty for committing any of these offences is a maximum fine of $80,000 and/or \nimprisonment for up to 2 years. Your work permit will be revoked, and you will be sent \nhome and not be allowed to work in Singapore.', 'Offences\nLittering\nWastage of water\nUrinating in public  \nplaces\nJaywalking\nPublic drunkenness\nUnlawful consumption  \nof liquor in public places\nMaking a false  \npolice report\nTheft (stealing  \nor shoplifting)Penalties\n• Fine of up to $2,000, with increased fines\n for repeat offenders.', 'videos). While several jurisdictions like the \nUK (E ngland and Wales), New Zealand , \nScotland , and A ustralian states (like Victoria  \nand the New South Wales ) have introduced  \nnew criminal offences to deal with these \nchallenges, Singapore has not done so yet.'}"
